r_0,r_1,rho,mrel
0.001147620123301718,0.009059959797990458,0.8446550727797156,0.0719077198334826
