r_0,r_1,rho,mrel
0.004467474294297613,0.049784674287561614,0.4435377727706269,0.21364923329350738
