r_0,r_1,rho,mrel
0.011086385353269335,0.027788799877631054,0.47859329878622686,0.10023335756952366
