r_0,r_1,rho,mrel
0.0018811682197038548,0.009575272447730265,0.7454100303931835,0.08128964562002132
